*, x=0.743, y=0.096, frequency=10, skip=False, adjust=False
    Buff
*, x=0.437, y=0.186, frequency=1, skip=False, adjust=False
    ShadowBite
    DarkOmen, direction=left
*, x=0.683, y=0.275, frequency=1, skip=False, adjust=False
    ShadowSpark, direction=left, attacks=2, repetitions=1
*, x=0.198, y=0.186, frequency=1, skip=False, adjust=False
    RapidThrow, direction=right, channel_time=1.0
*, x=0.437, y=0.096, frequency=1, skip=False, adjust=False
    ShadowSpark, direction=right, attacks=2, repetitions=1
