*, x=0.210, y=0.187, frequency=4, skip=False, adjust=True
    FlashJump, direction=up
*, x=0.196, y=0.098, frequency=4, skip=False, adjust=True
    Wait, duration=0.3
    DarkOmen
    Wait, duration=0.2
    ShadowBite
*, x=0.196, y=0.098, frequency=4, skip=False, adjust=True
    FlashJump, direction=down
*, x=0.240, y=0.187, frequency=1, skip=True, adjust=False
    ShadowSpark, direction=right, attacks=2, repetitions=1
*, x=0.360, y=0.187, frequency=1, skip=True, adjust=False
    ShadowSpark, direction=right, attacks=2, repetitions=1
*, x=0.631, y=0.187, frequency=1, skip=True, adjust=False
    ShadowSpark, direction=right, attacks=2, repetitions=1
    Wait, duration=0.15
    DarkOmen, direction=right
*, x=0.773, y=0.187, frequency=1, skip=True, adjust=False
    ShadowSpark, direction=right, attacks=2, repetitions=1
    ShadowBite
*, x=0.889, y=0.187, frequency=1, skip=True, adjust=False
    ShadowSpark, direction=right, attacks=2, repetitions=1
*, x=0.956, y=0.187, frequency=1, skip=True, adjust=False
    ShadowSpark, direction=left, attacks=2, repetitions=1
    ShadowBite
*, x=0.800, y=0.187, frequency=1, skip=True, adjust=False
    ShadowSpark, direction=left, attacks=2, repetitions=1
    Wait, duration=0.15
    DarkOmen, direction=left
*, x=0.658, y=0.187, frequency=1, skip=True, adjust=False
    ShadowSpark, direction=left, attacks=2, repetitions=1
*, x=0.533, y=0.187, frequency=1, skip=True, adjust=False
    ShadowSpark, direction=left, attacks=2, repetitions=1
    ShadowBite
*, x=0.360, y=0.187, frequency=4, skip=False, adjust=True
    ShadowSpark, direction=left, attacks=2, repetitions=1
    Wait, duration=0.15
    DarkOmen, direction=left
*, x=0.222, y=0.187, frequency=1, skip=True, adjust=False
    ShadowSpark, direction=left, attacks=2, repetitions=1
*, x=0.111, y=0.187, frequency=1, skip=True, adjust=False
    ShadowSpark, direction=right, attacks=2, repetitions=1
    ShadowBite
    Wait, duration=0.15
    DarkOmen, direction=right
